Фамилия,Имя,Отчество,Организация,Раб. телефон,Лич. телефон
Синсокова,Людмила,Никитична,"НПО «Киселев, Фадеев и Белозерова»",71718941774,+71350258521
Рамалданов,Виталий,Денисович,РАО «Овчинников Шестаков»,72232328042,+70927437684
Водоморина,Жанна,Олеговна,ОАО «Блинов-Рябов»,73759571912,+78545899457
Захряпина,Наталия,Кирилловна,НПО «Федоров Михайлов»,71876725889,+76273517300
Стенина,Алёна,Федоровна,"ИП «Аксенова, Агафонов и Шубин»",72977098461,+78086328886
Дуленина,Алиса,Ивановна,ООО «Лукин Романова»,73648641486,+74239969873
Чаморуев,Альберт,Михаилович,Втормет,77275995184,+77670228351
Брюхачева,Полина,Андреевна,Шарапова Инк,76668839337,+73640724413
Проскурнин,Дмитрий,Леонидович,Субботина Лтд,79517376911,+75267899359
Звездкина,Раиса,Валерьевна,РАО «Кононов-Быков»,75597249883,+73620562094
Хухрова,Любовь,Игоревна,ИП «Одинцов»,77409309229,+74768476914
Хуторенков,Анатолий,Романович,АО «Никифоров-Лихачева»,72387212962,+73514275488
Кургапкина,Тамара,Вадимовна,НПО «Бурова Гущин»,70648678357,+73385216560
Огиевский,Ярослав,Иванович,ИП «Алексеева»,76843637990,+74182109543
Зыренков,Артём,Олегович,РАО «Афанасьева Мухина»,76953516201,+72708029187
Получаева,Марина,Сергеевна,Промсвязьбанк,76401598398,+73739813937
Едигин,Кирилл,Георгиевич,"ИП «Логинова, Андреев и Шубина»",79542255295,+79943936888
Чемекова,Наталия,Никитична,АО «Михайлова-Ильин»,76636783988,+74273678436
Гатуина,Кристина,Валерьевна,"НПО «Белоусова, Комиссаров и Комиссарова»",72621897082,+76556591214
Ирецкий,Виктор,Яковлевич,РАО «Кириллова-Щукина»,78201405670,+77096628195
Головнин,Владислав,Игоревич,"АО «Рябова, Романов и Филиппов»",76695451555,+78701406411
Куманцов,Никита,Денисович,АО «Савельев Лобанова»,78228121647,+78315495252
Скатова,Полина,Борисовна,Исакова Инкорпорэйтед,78101358255,+79940964578
Репецкий,Денис,Тимофеевич,АО «Белов Емельянов»,77866635775,+72667360060
Трепутнев,Владислав,Данилович,АО «Николаев»,74287663449,+78864406397
Мизилкин,Георгий,Денисович,Тимофеева Инк,76548519957,+78690299723
Голукова,Жанна,Алексеевна,"РАО «Александров, Лебедев и Ситников»",79806637360,+76786308848
Росинин,Семён,Максимович,ОАО «Павлов-Новиков»,77415947713,+79484453532
Сторожевых,Алена,Кирилловна,"ИП «Николаева, Пономарева и Пономарев»",76303469325,+79080501441
Бербенцев,Николай,Викторович,ОАО «Меркушев»,72928864114,+77895647425
Ужанкова,Раиса,Алексеевна,НПО «Белякова Белов»,70112713972,+70612561434
Хлесткова,Наталия,Вадимовна,Киселев Лтд,71250718410,+75763996585
Милохова,Катерина,Никитична,АО «Русаков-Горбунов»,78679430424,+79850196303
Студейкина,Ольга,Вадимовна,Государственная транспортная лизинговая компания,70966160858,+75853521483
Лутанина,Любовь,Борисовна,ЗАО «Белов Гаврилов»,78371725362,+73234251651
Шахнов,Леонид,Валериевич,"ИП «Федотов, Емельянов и Баранов»",72222714334,+79697615472
Небогин,Виктор,Денисович,НПО «Миронова»,73541155121,+79257142163
Панаськина,Виктория,Сергеевна,Сысоев Лимитед,77665334422,+76999342776
Белова,Наталья,Леонидовна,Крюкова Инк,70638852972,+70625509688
Ченурина,Маргарита,Николаевна,Беляев Групп,71022193543,+71863735987
Пигурнов,Пётр,Аркадиевич,"ЗАО «Евдокимова, Сафонов и Михайлова»",77334074899,+76372247656
Казютов,Аркадий,Андреевич,ЗАО «Гущина Зыкова»,75071799498,+77034430288
Маркина,Зинаида,Яковлевна,ОАО «Кузнецова-Казаков»,77419951866,+71114756684
Замшина,Карина,Максимовна,Новиков Инкорпорэйтед,79086613834,+70520730405
Сорсова,Зинаида,Яковлевна,"ИП «Кудряшова, Щербаков и Богданов»",71472382743,+75930947616
Скрялев,Борис,Вадимович,Восточный экспресс банк,79742660741,+79383808623
Дарьянова,Елена,Романовна,Тинькофф Банк,78026626830,+73206681882
Друганов,Михаил,Василиевич,Комос Групп,71579204593,+72427083075
Лычевская,Раиса,Максимовна,СТД Петрович,77627408143,+79615580720
Зубаеров,Алексей,Адамович,НПФ Газфонд пенсионные накопления,71689917157,+76094541055
Вахрущев,Евгений,Кириллович,АО «Гусев»,72673561449,+78466859287
Царевская,Клара,Валерьевна,ИП «Воронов»,76758019724,+74248085573
Цепикова,Наталия,Никитична,АО «Соловьев»,73926698590,+78410840715
Кормеев,Олег,Валериевич,Верный,72058181555,+75818967330
Убеева,Евгения,Никитична,ООО «Сысоева Белозерова»,79500061865,+76211727269
Бурых,Яна,Игоревна,ИП «Белякова-Овчинников»,72450475373,+73114938396
Варюшкин,Вадим,Фёдорович,АНГК,70108732400,+76515175726
Ринская,Лариса,Кирилловна,"ООО «Воронцова, Баранов и Ларионов»",73526705563,+77851722515
Кугатова,Ксения,Максимовна,НПО «Николаева-Горбунова»,77223746020,+71683398950
Ласкуткина,Алиса,Богдановна,РАО «Кулаков Мишина»,71570480010,+77738721999
Скрябкина,Анастасия,Яковлевна,ЗАО «Герасимов-Гордеев»,74407548957,+70610861196
Асколова,Наталья,Максимовна,"ОАО «Тетерин, Крюков и Поляков»",78625549020,+71199283433
Пузанов,Ярослав,Иванович,РАО «Щербаков»,72343776300,+71394877581
Фигуров,Борис,Адамович,"ИП «Шубин, Суханов и Киселев»",70337924063,+73110827732
Софьянов,Артём,Павлович,ЗАО «Матвеев»,79429899332,+71550969449
Короткова,Инна,Викторовна,Группа УГМК,79341720027,+74268057389
Сюмарев,Борис,Сергеевич,ЗАО «Осипова-Горшков»,70124090140,+71721654368
Арбатов,Валентин,Борисович,АО «Жукова-Филиппова»,77953178534,+75152855109
Бушейкин,Виталий,Олегович,АО «Блинова-Зайцева»,79257670457,+74659351562
Шлапина,Евгения,Олеговна,ОАО «Владимирова-Гусев»,70997008957,+73243234365
Авхимкова,Валентина,Федоровна,"АО «Громов, Казаков и Ковалев»",70310316788,+70292017787
Лейрих,Кира,Игоревна,АО «Дьячкова»,71380946356,+76489923839
Евланичев,Алексей,Тимофеевич,"ОАО «Коновалов, Воронцов и Самойлова»",78119852992,+75299559320
Варакин,Пётр,Николаевич,"ЗАО «Герасимов, Калинина и Панова»",70649103597,+73718088376
Мысягина,Алина,Николаевна,РАО «Рыбакова-Калашников»,74943071557,+73527577200
Фортаков,Артём,Евгеньевич,НПО «Беляков-Евдокимов»,74542198813,+75760374374
Разжилкина,Наталья,Никитична,Константинов Инк,78881279989,+73749887646
Потлов,Дмитрий,Евгеньевич,Суханова Лимитед,70121409642,+71844790335
Тушилина,Вера,Кирилловна,РАО «Воробьев-Беспалова»,77602293994,+70203993739
Клисаков,Антон,Олегович,Шубин Инк,76982993971,+77173361789
Трегухова,Раиса,Эдуардовна,АО «Блинова-Потапова»,75085816059,+74925083392
Таропина,София,Олеговна,ЗАО «Шашкова»,78147091901,+76749444363
Хренев,Леонид,Фёдорович,ОАО «Николаев-Евдокимова»,75781060614,+74440610013
Тютюрин,Степан,Юриевич,ИП «Брагин»,76059593088,+77881769274
Депцова,Елизавета,Федоровна,АО «Соболев»,78426234617,+74002859373
Атрепкин,Вадим,Михаилович,НПО «Попов-Алексеева»,73440703367,+79757468608
Бабокин,Максим,Денисович,ООО «Власова-Фокин»,73128630928,+71756053943
Чилюшкин,Геннадий,Максимович,РАО «Кондратьева-Афанасьева»,73747030612,+79680766117
Поздов,Вячеслав,Антонович,Быков и партнеры,75012198884,+74988413328
Копчев,Георгий,Михаилович,ТМК,79281804737,+77133529165
Алеевский,Виктор,Адамович,РАО «Лапин»,71523873784,+70491933539
Коктев,Яков,Василиевич,"НПО «Некрасова, Никонов и Рябова»",71589124386,+71628307946
Азеева,Карина,Викторовна,Группа О'кей,72664887737,+77858330278
Сиушов,Вячеслав,Валериевич,ЗАО «Крылова Алексеев»,72102440246,+77339358594
Поварнин,Дмитрий,Сергеевич,ООО «Авдеев-Капустин»,75602964655,+74842505326
Буяновская,Оксана,Егоровна,ИП «Фомичева Мамонтов»,72687047123,+79393372815
Бибулатова,Оксана,Максимовна,Росжелдорпроект,75617114949,+75008751444
Маркуцкий,Александр,Фёдорович,АО «Новиков-Гаврилов»,71012705318,+72480029096
Сладчинков,Ярослав,Вадимович,НПО «Мартынова-Максимов»,72715362940,+76496035268
Лавковская,Карина,Егоровна,ОАО «Григорьев-Беляков»,71001295954,+72963820918
